thumbnail-shirt-8.png	/resource/c95a2c653e0cc4c8121c2de1d662c61784082646
thumbnail-shirt-7.png	/resource/8bcb8ae205bc8a23b6b43f339688f41784082627
thumbnail-shirt-6.png	/resource/788fa8334be7a82d5796e2e38eb8991784082612
thumbnail-shirt-5.png	/resource/7011c728ad632bc8f121fbeb5e7ce71784082596
thumbnail-shirt-4.png	/resource/33224b4dc07a88bae51cdebf9cf5581784082579
thumbnail-shirt-3.png	/resource/6c5ccc46870a5b496fb078be8393561784082540
thumbnail-shirt-2.png	/resource/5d14afa11a608bd3d408b659cd54781784082524
thumbnail-shirt-1.png	/resource/b9e0a316c6badf9ec96901a68856161784082469
sec-shirts-top-cluster.png	/resource/b337848f0bcf359ba0c3dc31801af21784082452
sec-people.png	/resource/26976c71af3384140dd6f9b5b321861784082425
sec-middle-confetti-cluster.png	/resource/2fd42be2ab4f2188fe1ab48167c2821784082411
sec-main-copy-cluster-mobile.png	/resource/f357e6a16c8c4eccc51d0ea7611d6b1784082397
sec-main-copy-cluster.png	/resource/0445fe9863af033d8ca08fc511e1bb1784082377
sec-computer-badges-mobile.png	/resource/befb8f2d388853c5ef2afdc8ce1d4d1784082361
sec-choice-copy-cluster-mobile.png	/resource/c972e45f898c73c5c7467521f5d7db1784082328
sec-computer-badges.png	/resource/6987f9d6a997dd0d3b78686fa9c0051784082305
sec-choice-copy-cluster.png	/resource/006af5bc7523f705ae60674ce82ffd1784082286
sec-badge.png	/resource/94fc6e3db54d30f9e5c9fa5ceadfaf1784082274
sec-background.png	/resource/4f07559b2d7af570e117059e86bcc41784082250
sec9-contact__woman.png	/resource/f6e0852f518eab256831906ad619941784082233
sec9-contact__title-mobile.png	/resource/dc04a1b0f42dd58310012af152ce061784082219
sec9-contact__title.png	/resource/637160e3cae58aaa9accf15f1698051784082191
sec9-card__logos.png	/resource/1a8c8dba44cf12ae894e104966353b1784082177
sec8-store__title-mobile.png	/resource/5559354f5f15973b94d959c68f451b1784082162
sec8-store__title.png	/resource/bec20cb25689bb96ae52d73658adde1784082145
sec8-faq-title.png	/resource/dae3dba01c3d741db7cbe8c49cf5b71784082129
sec8-collage__work.png	/resource/a544aab543ca8392233d8735da7f551784082116
sec8-collage__woman.png	/resource/f8a8d0253f986fa25773651b3fc7c11784082101
sec8-collage__building.png	/resource/683c1fa15c84f78b516cddd9a5ba2e1784082085
sec7-woman.png	/resource/f360be60d8c2186913035c4d39dd3e1784082069
sec7-title.png	/resource/594dbe4ded834035893f55983604031784082054
sec7-man.png	/resource/24f9f0d9f090f1561c0f130e77c8d21784082036
sec7-CEO.png	/resource/2b27fa72b19eda4995f3fd64c919cd1784082019
sec6-title.png	/resource/7ab0e6e7f4b7a0a8580e9652d524f71784082004
sec6-tile-6.png	/resource/192cc2760ee36e9e2e4fc96c89c7e41784081990
sec6-tile-7.png	/resource/192cc2760ee36e9e2e4fc96c89c7e41784081952
sec6-tile-5.png	/resource/7532ba270884d329818e468ab829451784081933
sec6-tile-4.png	/resource/e3d07e586ade72f0504e586cde7cc41784081910
sec6-tile-3.png	/resource/cfaa67ce1f9da69bb8c315936ed76b1784081893
sec6-tile-2.png	/resource/b42c2565f1c30dbac764d0132439f71784081880
sec6-tile-1.png	/resource/f286f6e8bc1b9edc14466602e6d60a1784081863
sec6-people.png	/resource/637d02f0e6d3c4d4d6fd1c8911641b1784081832
sec6-kicker.png	/resource/ba59978b97a974da0b888ebce820701784081790
sec5-staff-board-8.png	/resource/e2003eb8f935fba901a79587a8ade31784081769
sec5-staff-board-7.png	/resource/177088ec6dab2a7ae48171edc347961784081753
sec5-staff-board-6.png	/resource/b45aa520e58949a305839c45ff424b1784081739
sec5-staff-board-5.png	/resource/6aba71bdd2d05a2c40f9c1cfd8b68e1784081723
sec5-staff-board-4.png	/resource/3c41cde6152c9a370818366fb290891784081706
sec5-staff-board-3.png	/resource/5f0c4a285c4291b546b3c9ab5d10f11784081679
sec5-staff-board-2.png	/resource/841d4d057d423336e96de59081b9f11784081665
sec5-staff-board-1.png	/resource/7e7c39843037b68b3df101d4b4603f1784081584
sec5-people-mobile.png	/resource/02df6fbcafb6ecb4d5ca0bf930f3fd1784081567
sec5-people-badge.png	/resource/816cd3e43c055537db14b8b90e46181784081553
sec5-maincopy-mobile.png	/resource/39973ab9a6fe051880c5d06928f0ee1784081537
sec5-maincopy.png	/resource/80730ddeb2608698d9bcac07f5398e1784081517
sec4-maincopy-confetti-mobile.png	/resource/54f49ab5d5f857b3d4870b67e0dc181784081406
sec5-badge-mobile.png	/resource/36e8d31d8ce7f6804189bac39f15d41784081389
sec4-maincopy-confetti.png	/resource/88882e2883ccd49e03e4aee63f3ea11784081368
sec4-katsuyou-takusan.png	/resource/86cce4239cb20e6959591addfd1b341784081354
sec4-bottom-confetti-mobile.png	/resource/88afa4a30cb69f33cb04ec2e2deef81784081331
sec4-bottom-confetti.png	/resource/9d947ecc5a37bf66bc31c633b5e4af1784081310
sec4-background.png	/resource/7a7050bc3a9a55abb8359fa20bec2d1784081293
sec3-rainbow-balloon-cloud-person.png	/resource/fdbde19d495ddf493f30561677b7251784081275
sec3-category-title.png	/resource/435d64449197da4027e8bb80daeb4d1784081260
sample-shirt.png	/resource/45e4c82701afa484b5bea1f2abf7741784081245
logo-mark.svg	/resource/76fd24fe9f4771203cb2b4d9032e071784081227
logo-footer.png	/resource/f696ac4c9b178ac31e236d95ad00081784081209
logo.svg	/resource/76372569fc1f0ff38e7336efd97bef1784081188
logo.png	/resource/8b3f34795c5d0e55433f3256bee16c1784081172
icon-phone-mobile.png	/resource/e1a24921127e176de01f51f04fec4e1784081153
icon-phone.png	/resource/3d10dcc6323b529c8ac4371e1e02f61784081138
icon-mail-mobile.png	/resource/f7867a0b86e20db39663860d3937231784080995
icon-mail.png	/resource/a485b21712e525b9444204dd0291e81784080979
icon-line-mobile.png	/resource/b5b3902e4d093b4e0f36008ef8c0b01784080952
icon-line.png	/resource/6f75a7c39a3e5574b25eb8b08298091784080930
guide-template-flow-title.png	/resource/d38abca1f3e72dd10038ba94f1f8211784080913
guide-template-flow-step-04.png	/resource/4fab3934d73c07872451baa41e75ec1784080888
guide-template-flow-step-03.png	/resource/03d1d37cbf8ea03ec1bcd4007979361784080874
guide-template-flow-step-02.png	/resource/bfc54ca404fcda5ff0cb6cdd2cfd6c1784080856
guide-template-flow-step-01.png	/resource/2e134c09dc7a173c04a1700a9ce0341784080834
guide-print-method-title.png	/resource/939808505f54cf3357a70791749f6f1784080797
guide-print-method-kicker.png	/resource/4918cd8209d2f77db371f6526493131784080779
guide-print-method-inkjet-section-title.png	/resource/5f3df5cc25104afde3dafbf68bc9531784080762
guide-print-method-inkjet-feature-04.png	/resource/05ad51d7838b6b4ac0c10fb754d9571784080744
guide-print-method-inkjet-feature-03.png	/resource/91d0a74de553443c21798f9659f9071784080727
guide-print-method-inkjet-feature-02.png	/resource/e4cfab0c522b8880ef0bdff8ac1c0b1784080711
guide-print-method-inkjet-feature-01.png	/resource/28527a24fc584f93e5e1e6c750921e1784080693
guide-print-method-finish-title.png	/resource/30045069cd4aadcc20c97c125eac561784080678
guide-print-method-finish-03-color.png	/resource/2774ff49135df4006a45d01be902df1784080656
guide-print-method-finish-02-wash.png	/resource/8bb7fd789e23ded54999b4ed033f4b1784080635
guide-print-method-finish-01-pre-treatment.png	/resource/d560d14bce6bc2a97a45ce57f483891784080608
guide-post-submission-flow-title.png	/resource/6d4e09dbe6e7671e2a2214759fa3491784080585
guide-post-submission-flow-step-05.png	/resource/6f293c633e82ed4b5b23c5d9d603a81784080489
guide-post-submission-flow-step-04.png	/resource/9acd7a3414736c506c4bcab627ad2a1784080472
guide-post-submission-flow-step-03.png	/resource/206334fddeee61553f8ee67c2b97831784080449
guide-post-submission-flow-step-02.png	/resource/4945f0cb0f853cf2e3c4b40868ca5a1784080432
guide-post-submission-flow-step-01.png	/resource/3de9f645860526b08f06b952e56ab51784080413
guide-flow-title.png	/resource/3040d3c65eab1aac8f69d2baa8d4c31784080393
guide-flow-step-04.png	/resource/68dedf0fe7c1a6fa017907d6d8e6f51784080375
guide-flow-step-05.png	/resource/6bb8791fabd9cf0e17f1950e576f001784080357
guide-flow-step-03.png	/resource/3b9393693964e99137024dc87d850a1784080338
guide-flow-step-02.png	/resource/02641c25946ff0df09e8db9836a6f71784080324
guide-flow-step-01.png	/resource/cc2400c6c2a3d49de06f8d3599a3b61784080311
guide-flow-saleswoman.png	/resource/b55a8eda3445ed614b7d7d948a20851784080288
guide-flow-order3-title.png	/resource/11a45a0629a9fd8c5843d926a9170a1784080252
guide-design-tool-transform-title.png	/resource/7f5abe1f7aefc2d57cb4ff314d5d8a1784080236
guide-design-tool-transform-05-duplicate.png	/resource/2b5d21348587df74075b6dd8b54be31784080210
guide-design-tool-transform-04-duplicate.png	/resource/0cf8482e788c6fe7cb664dee0f72c31784080183
guide-design-tool-transform-03-duplicate.png	/resource/6e745ac4ad0c95a5e69f77e485f4101784080157
guide-design-tool-transform-02-align.png	/resource/a61af7e94bae385c0b3f63da5f0f7c1784080135
guide-design-tool-transform-01-rotate.png	/resource/64aa9437b6656b8480e4ee1753046b1784080119
guide-design-tool-title.png	/resource/e398da5a09d373f7ceea1ffba4c7291784080088
guide-design-tool-text-title.png	/resource/393172cbeba0a9b37635877629ae201784080066
guide-design-tool-text-06-size.png	/resource/a2bcb7cfc29a90c9a6145a2a613bee1784080042
guide-design-tool-text-06-result.png	/resource/2b332c66d74dea50d26010f3cc703d1784080024
guide-design-tool-text-05-transform-menu.png	/resource/973e7388c4894f9997aa289692c04d1784080008
guide-design-tool-text-05-result.png	/resource/760b53257a01043145b340ea0552241784079991
guide-design-tool-text-04-result.png	/resource/09f750251a564c03fdee7c0b98a9061784079976
guide-design-tool-text-04-line-spacing.png	/resource/664c4cb4cf9fdff88f82f9d986c6a21784079958
guide-design-tool-text-03-spacing.png	/resource/405415c4040fe9227e59c9c88c25761784079939
guide-design-tool-text-03-result.png	/resource/5fb6f018153bc341179729abd0e23a1784079888
guide-design-tool-text-02-result.png	/resource/2ba62a8f94fde3de80d35560c4399b1784079867
guide-design-tool-text-02-palette.png	/resource/e80857370c126e5e2ec85aee5800011784079842
guide-design-tool-text-01-result.png	/resource/b0bca401f91c15f09da5f0713b702c1784079811
guide-design-tool-text-01-form.png	/resource/bcb20111dc92e212bc5d92e60067c81784079794
guide-design-tool-stamp-02-color-panel.png	/resource/36d09c0aa9bdc2c2b7f721a46906141784079728
guide-design-tool-stamp-02-color-canvas.png	/resource/cd27c93bb5b126ed1881b768979eff1784079706
guide-design-tool-stamp-title.png	/resource/f6e27885aabea6521f7940ae4b57011784079666
guide-design-tool-stamp-01-insert-panel.png	/resource/9806f4e616b27728e307a54d582efb1784079644
guide-design-tool-stamp-01-insert-canvas.png	/resource/fd5282a5015235bf7aebc6407c693d1784079628
guide-design-tool-simulator-title.png	/resource/b8cd9cb14d59ea11dcac98ecfad7f61784079604
guide-design-tool-screen-phone.png	/resource/a89552e6d63375a378d11ad78f9c791784079577
guide-design-tool-screen-pc.png	/resource/66fd7529160901734d413bd3d108501784079557
guide-design-tool-save-title.png	/resource/0519b21ad1540f5a7116e23ba892761784079542
guide-design-tool-save-02-design-load.png	/resource/dcf14e08c1665baec9b1e447ad4aff1784079524
guide-design-tool-save-01-design-save.png	/resource/cba082abc8e2c37a3b4db296dece3e1784079504
guide-design-tool-image-guide-title.png	/resource/2485a174e0fa2857b287b7acd358e71784079485
guide-design-tool-image-05-resolution.png	/resource/e571f7b12924fee36f427ddb7926bb1784079441
guide-design-tool-image-03-color-mode.png	/resource/a5cf2a20c446ff4403d6b232e8b9d01784079427
guide-design-tool-image-02-psd.png	/resource/f9f01b7b4adf69696a71c55d32bd201784079391
guide-design-tool-image-02-png.png	/resource/876340d2952d2998bcfce418e925381784079376
guide-design-tool-image-02-pdf.png	/resource/1694c826ceff50a8409fdaca2aa2d61784079355
guide-design-tool-image-02-jpg.png	/resource/e31823e60dd2acbc3c257083ec7e4f1784079338
guide-design-tool-image-02-gif.png	/resource/92f0d157e7973b91c372504f7726a71784079286
guide-design-tool-image-02-bmp.png	/resource/acf71562287a712008fd88728d22921784079270
guide-design-tool-image-02-ai.png	/resource/aaf0c4d917d8fbce6dd2d357a0fb391784079250
guide-design-tool-image-01-upload.png	/resource/94ed9213478658788993005680ff8e1784079226
guide-design-tool-icon-phone.png	/resource/ca259725283567c3224f8e4a8d20f51784079204
guide-design-flow-step-06.png	/resource/4b5916bc02f661a4aa30fa15308af41784079188
guide-design-flow-step-05.png	/resource/35632ab78f6e8902757bd14ae797f71784079176
guide-design-flow-step-04.png	/resource/c0f17cf9eab9f085fe97fed71522501784079161
guide-design-flow-step-03.png	/resource/0dfb0384273e9e32da3eff234196961784079148
guide-design-flow-step-02.png	/resource/b8f1977ff7e357d94f0d64480d0cdb1784079133
guide-design-flow-step-01.png	/resource/9cfe17cc94336e9ae198f97d39a20d1784079121
guide-data-submission-title.png	/resource/7e18a54cc0b81c5b2ea768e3d408481784079109
guide-data-submission-print-method-title.png	/resource/51ef9d62e164e081579c725c4896a21784079094
guide-data-submission-kicker.png	/resource/acc6ca2f82f31f5f8e5246c05f17e71784079079
guide-data-submission-file-psd.png	/resource/f9f01b7b4adf69696a71c55d32bd201784079063
guide-data-submission-file-png.png	/resource/876340d2952d2998bcfce418e925381784079049
guide-data-submission-file-pdf.png	/resource/1694c826ceff50a8409fdaca2aa2d61784079033
guide-data-submission-file-ai.png	/resource/aaf0c4d917d8fbce6dd2d357a0fb391784079007
guide-data-submission-caution-title.png	/resource/cb37bf1a3cf8e117a0ac922fa29b2b1784078838
guide-data-submission-caution-04-unused-data.png	/resource/04934d17f87aa4e7587f6d6ab99de01784078803
guide-data-submission-caution-02-blur-gradient.png	/resource/84f9c12ad1ea5f9fb09dc8e5868f121784078770
guide-data-submission-caution-01-1mm.png	/resource/71ed82a1519d07a6c6914132d2b3881784078755
guide-data-submission-by-file-type-title.png	/resource/59a2ddd5ce071147c8287adff919201784078723
fv-people.png	/resource/0ae9a51193582cb49d3a3ee2f780e91784078674
fv-mobilephone.png	/resource/402074f4d1fb02f979ca58bf60ed821784078621
fv-maincopy.png	/resource/4de7302e7fac15137c26b097d098b21784078600
fv-background.png	/resource/4a424d2da0eee57aeac89df54598dd1784078343
00085-CVT-001_M.jpg	/resource/f99b52e60abda86a288a9d63a6a24d1784075717
guide-flow-kicker.png	/resource/4918cd8209d2f77db371f6526493131784087331
guide-design-tool-icon-pc.png	/resource/ca259725283567c3224f8e4a8d20f51784087446
sec9-ship-aside__staff.png	/resource/4f07559b2d7af570e117059e86bcc41784087490
